id,name,category,context,hazard,exposure,persistence,detox_score,band,evidence_strength,swap,note,studies,inputs_sourced,study_ids,source_urls,url
unfiltered-tap-water,Unfiltered Tap Water,Water,"Municipal drinking water, straight from the tap",4,8,4,44,Moderate,2,A filter certified to NSF/ANSI 53 or 58 for the contaminant in your water,"Quality varies widely by region. Common concerns are disinfection by-products, lead from old pipes, and trace PFAS. What a home filter removes depends on its type and on what it is certified to reduce — check the certifier’s listing for your contaminant.",3,3,doi:10.1021/acs.estlett.6b00260; doi:10.1097/01.ede.0000121380.02594.fc; doi:10.1136/oemed-2017-104651,https://www.epa.gov/water-research/identifying-drinking-water-filters-certified-reduce-pfas,https://detoxcellence.com/exposure/unfiltered-tap-water.html
bottled-water-plastic,Bottled Water (Plastic),Water,Single-use PET bottles,4,7,6,42,Moderate,3,Filtered tap water in a glass or steel bottle,"Studies find microplastic and nanoplastic particles in most bottled water, shed from the plastic itself and worsened by heat and storage time.",4,3,doi:10.3389/fchem.2018.00407; doi:10.1073/pnas.2300582121; doi:10.1021/acs.est.3c09524; doi:10.1038/s41591-024-03453-1,,https://detoxcellence.com/exposure/bottled-water-plastic.html
carbon-filter-pitcher-water,Carbon-Filter Pitcher Water,Water,Activated-carbon jug filter,2,3,2,75,Low,2,—,"Pitcher filters cut many chlorination by-products, but in a 2020 home study carbon filters of this kind removed only about 40–70% of PFAS. A filter works only while its cartridge is replaced on schedule.",2,1,doi:10.1021/acs.estlett.0c00004; doi:10.1155/2013/959480,https://www.epa.gov/water-research/identifying-drinking-water-filters-certified-reduce-pfas,https://detoxcellence.com/exposure/carbon-filter-pitcher-water.html
reverse-osmosis-filtered-water,Reverse-Osmosis Filtered Water,Water,Under-sink RO system,1,2,1,86,Minimal,3,—,"In a 2020 home study, under-sink reverse-osmosis and two-stage filters removed nearly all the PFAS tested. Like any filter, it works only while its membrane and pre-filters are replaced on schedule; RO also sends about a gallon of water to the drain for every gallon it treats.",1,1,doi:10.1021/acs.estlett.0c00004,https://www.epa.gov/water-research/identifying-drinking-water-filters-certified-reduce-pfas,https://detoxcellence.com/exposure/reverse-osmosis-filtered-water.html
untested-private-well-water,Untested Private Well Water,Water,"Private well, never tested",6,7,5,36,High,2,Annual testing + a targeted filter,"Wells aren't covered by public water rules. Arsenic, nitrates, bacteria and agricultural runoff are all possible and invisible without a test.",3,3,doi:10.1093/jnci/djw099; doi:10.1021/acs.est.7b02881; doi:10.1073/pnas.1305372110,,https://detoxcellence.com/exposure/untested-private-well-water.html
scented-candles-paraffin,Scented Candles (Paraffin),Air,Burning fragranced paraffin candles indoors,4,5,2,59,Moderate,2,"Unscented beeswax or soy, or none at all","Combustion releases fine particulate and VOCs; synthetic fragrance adds more. Ventilate, or skip the flame.",1,1,doi:10.1007/s11356-013-2394-2,,https://detoxcellence.com/exposure/scented-candles-paraffin.html
plug-in-air-fresheners,Plug-In Air Fresheners,Air,Continuous synthetic-fragrance diffusers,5,6,3,49,Moderate,2,Open a window; simmer herbs; fix the odour source,They mask smell by adding phthalates and VOCs to the air you breathe all day. Real ventilation beats masking every time.,2,2,doi:10.1111/j.1600-0668.2005.00414.x; doi:10.1016/j.envint.2014.03.029,,https://detoxcellence.com/exposure/plug-in-air-fresheners.html
unvented-gas-stove,Unvented Gas Stove,Air,Gas cooking with no range hood,5,6,2,51,Moderate,3,Vent to outside; run a hood; or induction,Gas burners emit nitrogen dioxide and fine particulate that can exceed outdoor limits in a closed kitchen. Always vent while cooking.,2,2,doi:10.1093/ije/dyt150; doi:10.1021/acs.est.2c09289,,https://detoxcellence.com/exposure/unvented-gas-stove.html
wood-burning-fireplace,Wood-Burning Fireplace,Air,Open indoor wood fires,5,4,2,58,Moderate,3,"A sealed stove, or cleaner heating","Wood smoke is a major source of indoor PM2.5, linked to respiratory and cardiovascular harm. If you burn, use a sealed, well-drawing stove.",1,1,doi:10.1080/08958370600985875,,https://detoxcellence.com/exposure/wood-burning-fireplace.html
hepa-filtered-indoor-air,HEPA-Filtered Indoor Air,Air,A true-HEPA air purifier sized to the room,1,2,1,86,Minimal,3,—,"One of the highest-value, lowest-effort exposure reductions: a correctly sized HEPA unit measurably cuts indoor PM2.5, pollen and many particulates.",1,1,doi:10.1111/ina.12753,,https://detoxcellence.com/exposure/hepa-filtered-indoor-air.html
off-gassing-new-furniture,Off-Gassing New Furniture,Air,"New pressed-wood furniture, mattresses, carpet",4,5,4,54,Moderate,2,Air out new items; choose low-VOC/CertiPUR,New composite wood and foams release formaldehyde and VOCs for weeks. Unwrap and ventilate before bringing them into bedrooms.,2,2,doi:10.1111/j.1600-0668.2007.00478.x; doi:10.1021/es405625q,,https://detoxcellence.com/exposure/off-gassing-new-furniture.html
burning-incense,Burning Incense,Air,Regular indoor incense,5,5,2,55,Moderate,2,Ventilate; essential-oil diffusion sparingly,Incense smoke can produce more fine particulate than cigarettes in a closed room. Reserve it for well-ventilated spaces.,1,1,doi:10.1002/cncr.23788,,https://detoxcellence.com/exposure/burning-incense.html
secondhand-cigarette-smoke,Secondhand Cigarette Smoke,Air,Living or working around indoor smoking,10,8,3,19,Severe,3,A strictly smoke-free indoor environment,A confirmed human carcinogen with no safe level of exposure. Keeping all indoor spaces smoke-free is non-negotiable for detox load.,1,1,doi:10.1016/S0140-6736(10)61388-8,,https://detoxcellence.com/exposure/secondhand-cigarette-smoke.html
nonstick-ptfe-cookware,Nonstick (PTFE) Cookware,Kitchen,Teflon-type nonstick pans,6,6,8,31,High,3,Cast iron or stainless steel,Scratched or overheated nonstick can shed PFAS-family compounds — the 'forever chemicals' that persist in the body and environment for years.,1,1,doi:10.1021/es062377w,,https://detoxcellence.com/exposure/nonstick-ptfe-cookware.html
cast-iron-cookware,Cast Iron Cookware,Kitchen,Seasoned cast-iron pans,1,2,1,86,Minimal,2,—,No synthetic coating to break down. A well-seasoned pan is naturally nonstick and can even add dietary iron.,0,0,,,https://detoxcellence.com/exposure/cast-iron-cookware.html
stainless-steel-cookware,Stainless Steel Cookware,Kitchen,18/10 stainless pans and pots,1,2,1,86,Minimal,3,—,"Inert, durable, coating-free. The safe default for everyday high-heat cooking.",0,0,,,https://detoxcellence.com/exposure/stainless-steel-cookware.html
uncoated-aluminum-cookware,Uncoated Aluminum Cookware,Kitchen,Bare aluminum pots and foil with acidic food,3,4,3,65,Low,2,Anodized aluminum or stainless steel,Bare aluminum can leach into acidic foods like tomato sauce. Anodized or stainless removes the concern.,0,0,,,https://detoxcellence.com/exposure/uncoated-aluminum-cookware.html
plastic-cutting-boards,Plastic Cutting Boards,Kitchen,Cutting on soft plastic boards,3,6,6,50,Moderate,2,Wood or bamboo boards,Knife scoring sheds microplastic particles directly into your food. Wood is naturally antimicrobial and doesn't shed.,0,0,,,https://detoxcellence.com/exposure/plastic-cutting-boards.html
conventional-strawberries,Conventional Strawberries,Food,Non-organic strawberries (a 'Dirty Dozen' crop),5,6,3,49,Moderate,2,"Organic strawberries, or peel-heavy fruit instead",Consistently among the most pesticide-laden produce. This is a crop where buying organic meaningfully cuts residue.,0,0,,,https://detoxcellence.com/exposure/conventional-strawberries.html
organic-strawberries,Organic Strawberries,Food,Certified-organic strawberries,2,3,2,75,Low,2,—,"Grown without synthetic pesticides. For high-residue crops, the organic version is a genuine exposure reduction.",0,0,,,https://detoxcellence.com/exposure/organic-strawberries.html
conventional-spinach,Conventional Spinach,Food,Non-organic leafy greens,5,5,3,52,Moderate,2,Organic greens; wash thoroughly,Leafy greens carry high pesticide residue because you eat the whole leaf. A strong candidate for buying organic.,0,0,,,https://detoxcellence.com/exposure/conventional-spinach.html
canned-food-bpa-lining,Canned Food (BPA Lining),Food,Canned goods with epoxy linings,4,5,3,57,Moderate,3,"Glass jars, cartons, or 'BPA-free' cans","BPA and its substitutes migrate from can linings into food, especially acidic and fatty contents. Choose glass or verified BPA-free packaging.",1,1,doi:10.1016/j.envres.2016.06.008,,https://detoxcellence.com/exposure/canned-food-bpa-lining.html
large-predatory-fish,Large Predatory Fish,Food,"Tuna, swordfish, king mackerel, shark",6,5,7,37,High,3,"Small fish: sardines, anchovies, wild salmon","Mercury bioaccumulates up the food chain, concentrating in big long-lived predators. Small oily fish give the omega-3s with far less mercury.",0,0,,,https://detoxcellence.com/exposure/large-predatory-fish.html
small-oily-fish-sardines,Small Oily Fish (Sardines),Food,"Sardines, anchovies, herring",2,2,2,79,Low,3,—,"Low on the food chain means low mercury, plus excellent omega-3s that support overall metabolic health.",0,0,,,https://detoxcellence.com/exposure/small-oily-fish-sardines.html
cruciferous-vegetables,Cruciferous Vegetables,Food,"Broccoli, cauliflower, cabbage, Brussels sprouts",1,1,1,89,Minimal,3,—,"Contain sulforaphane, which upregulates the body's own phase-II detoxification enzymes. One of the few foods that actively supports your detox systems.",0,0,,,https://detoxcellence.com/exposure/cruciferous-vegetables.html
ultra-processed-food,Ultra-Processed Food,Food,"Packaged snacks, sodas, ready meals",4,7,3,50,Moderate,3,"Whole, minimally processed foods","Carries additives, emulsifiers, and packaging-derived compounds, and displaces the fiber and phytonutrients your detox pathways rely on.",0,0,,,https://detoxcellence.com/exposure/ultra-processed-food.html
charred-grilled-meat,Charred Grilled Meat,Food,"Blackened, flame-grilled red meat",5,4,2,58,Moderate,2,Lower-temp cooking; trim char; marinate,"High-heat charring forms heterocyclic amines and PAHs. Marinating, avoiding flare-ups and scraping off char cuts their formation.",0,0,,,https://detoxcellence.com/exposure/charred-grilled-meat.html
white-rice-arsenic,White Rice (Arsenic),Food,"Rice, especially for daily eaters and infants",4,4,4,58,Moderate,2,"Rinse well, cook in excess water; vary grains",Rice takes up inorganic arsenic from soil and water. Rinsing and cooking in a high water-to-rice ratio removes a meaningful share.,0,0,,,https://detoxcellence.com/exposure/white-rice-arsenic.html
filtered-black-coffee,Filtered Black Coffee,Food,Paper-filtered coffee,1,2,1,86,Minimal,2,—,Paper filtering removes cafestol; the drink itself is rich in antioxidants. A low-burden daily habit for most people.,0,0,,,https://detoxcellence.com/exposure/filtered-black-coffee.html
synthetic-fragrance-perfume,Synthetic Fragrance / Perfume,Personal Care,"'Parfum' in perfume, lotion, and sprays",5,6,4,46,Moderate,2,"Fragrance-free, or essential-oil scented sparingly",'Fragrance' is an undisclosed mixture that often includes phthalates used to make scent linger. Fragrance-free is the simplest cut.,0,0,,,https://detoxcellence.com/exposure/synthetic-fragrance-perfume.html
aluminum-antiperspirant,Aluminum Antiperspirant,Personal Care,Daily aluminum-based antiperspirant,3,5,3,61,Low,1,Aluminum-free deodorant if you prefer,"Evidence of harm is weak and contested, but it's an easy swap for anyone who wants to reduce daily aluminum contact on skin.",0,0,,,https://detoxcellence.com/exposure/aluminum-antiperspirant.html
conventional-shampoo,Conventional Shampoo,Personal Care,Shampoo with parabens and harsh surfactants,3,5,2,64,Low,2,"Paraben-free, simpler formulas","Leave-on and rinse-off products add up across the day. Simpler, paraben- and fragrance-free formulas reduce the cumulative load.",0,0,,,https://detoxcellence.com/exposure/conventional-shampoo.html
nail-salon-products,Nail Salon Products,Personal Care,"Gel/acrylic nails, frequent salon visits",6,5,2,50,Moderate,2,'3-free/9-free' polish; ventilated salons,"The 'toxic trio' — toluene, formaldehyde, DBP — plus solvent fumes make salons a real inhalation exposure. Choose ventilated shops and cleaner polishes.",0,0,,,https://detoxcellence.com/exposure/nail-salon-products.html
oxybenzone-sunscreen,Oxybenzone Sunscreen,Personal Care,Chemical sunscreens with oxybenzone,4,5,3,57,Moderate,2,Mineral (zinc oxide) sunscreen,Oxybenzone absorbs through skin and is an environmental concern. Mineral sunscreens protect just as well without it — and sunscreen itself stays essential.,0,0,,,https://detoxcellence.com/exposure/oxybenzone-sunscreen.html
fragrance-free-basic-skincare,Fragrance-Free Basic Skincare,Personal Care,"Simple, unscented moisturizer and cleanser",1,2,1,86,Minimal,2,—,"Fewer ingredients means fewer unknowns. A short, fragrance-free routine is the low-burden default for skin.",0,0,,,https://detoxcellence.com/exposure/fragrance-free-basic-skincare.html
conventional-all-purpose-cleaner,Conventional All-Purpose Cleaner,Home,Fragranced spray cleaners with QUATs/VOCs,4,5,2,59,Moderate,2,Simple vinegar/soap solutions; fragrance-free,Sprays aerosolize cleaning chemicals right into your breathing zone. Fragrance-free or DIY basics handle most household jobs.,0,0,,,https://detoxcellence.com/exposure/conventional-all-purpose-cleaner.html
frequent-unventilated-bleach,Frequent Unventilated Bleach,Home,Regular bleach use in closed rooms,5,5,1,57,Moderate,2,Ventilate; use only when needed; never mix,Bleach fumes irritate airways and form dangerous gases if mixed with ammonia or acids. Reserve it for real disinfection and open windows.,0,0,,,https://detoxcellence.com/exposure/frequent-unventilated-bleach.html
dryer-sheets-fabric-softener,Dryer Sheets & Fabric Softener,Home,Scented laundry softeners and sheets,4,5,3,57,Moderate,2,Wool dryer balls; skip softener,"Coat fabric — and skin — in fragrance and quaternary compounds, then vent scented VOCs outdoors. Wool dryer balls do the softening job cleanly.",1,1,doi:10.1007/s11869-011-0156-1,,https://detoxcellence.com/exposure/dryer-sheets-fabric-softener.html
vinegar-baking-soda-cleaning,Vinegar & Baking Soda Cleaning,Home,DIY non-toxic cleaning basics,1,2,1,86,Minimal,2,—,"Handles the majority of everyday cleaning with near-zero inhalation or residue burden. The low-cost, low-exposure baseline.",0,0,,,https://detoxcellence.com/exposure/vinegar-baking-soda-cleaning.html
home-garden-pesticide-sprays,Home & Garden Pesticide Sprays,Home,DIY insecticides and weed killers,6,5,5,42,Moderate,2,"Physical controls; targeted, minimal use","Consumer pesticides drift indoors and settle into dust. Prefer traps, barriers and spot-treatment over broadcast spraying.",0,0,,,https://detoxcellence.com/exposure/home-garden-pesticide-sprays.html
stain-resistant-textiles-pfas,Stain-Resistant Textiles (PFAS),Home,"'Stain-proof' carpets, sofas, jackets",6,4,8,38,High,3,Untreated fabrics; skip the stain-guard add-on,Stain and water repellency usually means PFAS coatings that shed into dust and never break down. Decline the optional stain treatment.,3,3,doi:10.1038/s41370-018-0109-y; doi:10.1038/s41370-018-0094-1; doi:10.1136/oemed-2017-104651,,https://detoxcellence.com/exposure/stain-resistant-textiles-pfas.html
vinyl-pvc-shower-curtain,Vinyl (PVC) Shower Curtain,Home,That 'new shower curtain' smell,4,4,4,58,Moderate,2,Fabric (polyester/cotton) or EVA curtain,"The smell is phthalates off-gassing in a warm, humid room you breathe in daily. Fabric curtains wash and last without it.",0,0,,,https://detoxcellence.com/exposure/vinyl-pvc-shower-curtain.html
settled-house-dust,Settled House Dust,Home,Accumulated dust on floors and surfaces,4,6,5,48,Moderate,3,HEPA vacuum + damp dusting; doormats,"House dust concentrates flame retardants, PFAS and phthalates — a bigger everyday exposure route than most people realize. Regular HEPA vacuuming genuinely lowers it.",1,1,doi:10.1021/acs.est.6b02023,,https://detoxcellence.com/exposure/settled-house-dust.html
heating-food-in-plastic,Heating Food in Plastic,Plastics,Microwaving or storing hot food in plastic,5,7,5,40,Moderate,3,Glass or ceramic for anything warm,Heat dramatically increases how much plastic and its additives migrate into food. Never microwave in plastic; transfer hot food to glass.,0,0,,,https://detoxcellence.com/exposure/heating-food-in-plastic.html
plastic-wrap-on-hot-food,Plastic Wrap on Hot Food,Plastics,"Cling film touching warm, fatty food",4,5,4,54,Moderate,2,Let food cool; use a plate or beeswax wrap,"Plasticizers migrate readily into hot, fatty foods. Cool food before covering, or use a lid instead of film.",0,0,,,https://detoxcellence.com/exposure/plastic-wrap-on-hot-food.html
glass-food-storage,Glass Food Storage,Plastics,Glass containers for leftovers and meal prep,1,1,1,89,Minimal,3,—,"Inert, heat-safe and non-shedding. The single best swap to remove plastic-to-food migration from your kitchen.",0,0,,,https://detoxcellence.com/exposure/glass-food-storage.html
thermal-paper-receipts,Thermal Paper Receipts,Plastics,"Handling glossy receipts, especially with lotion",3,4,2,67,Low,2,Decline receipts; go digital; wash hands,"The coating is often BPA/BPS, absorbed through skin — more so with hand sanitizer or lotion on. Skip the paper receipt when you can.",1,1,doi:10.1371/journal.pone.0110509,,https://detoxcellence.com/exposure/thermal-paper-receipts.html
hot-greasy-takeout-containers,Hot Greasy Takeout Containers,Plastics,Molded-fiber bowls and grease-proof wrappers,5,5,7,42,Moderate,3,Transfer food out; cook at home more often,"Grease-resistant food packaging is a known PFAS source, and hot food speeds migration. Move takeout onto a plate promptly.",3,2,doi:10.1021/acs.estlett.2c00926; doi:10.1080/02652030500183474; doi:10.1038/s41370-018-0094-1,,https://detoxcellence.com/exposure/hot-greasy-takeout-containers.html
canned-reused-plastic-bottles,Canned & Reused Plastic Bottles,Plastics,Refilling single-use bottles; canned drinks,3,5,4,59,Moderate,2,A dedicated steel or glass reusable,Single-use bottles aren't built for reuse — wear and heat increase leaching and bacterial growth. A proper reusable is cleaner and cheaper over time.,0,0,,,https://detoxcellence.com/exposure/canned-reused-plastic-bottles.html
roadside-traffic-air,Roadside & Traffic Air,Environment,"Living, running, or cycling next to heavy traffic",6,6,2,47,Moderate,3,Exercise away from traffic; filter home air,"Traffic exhaust delivers PM2.5, benzene and ultrafine particles. Move workouts to parks and back streets, and filter indoor air near busy roads.",0,0,,,https://detoxcellence.com/exposure/roadside-traffic-air.html
regular-sauna-use,Regular Sauna Use,Environment,Consistent sauna or heat bathing,1,1,1,89,Minimal,2,—,Associated with cardiovascular benefits and supports the body's natural processes through heat adaptation and sweating. Hydrate well and listen to your body.,0,0,,,https://detoxcellence.com/exposure/regular-sauna-use.html
new-car-interior-off-gassing,New-Car Interior Off-Gassing,Environment,That 'new car smell',3,4,3,65,Low,2,Ventilate; park in shade; air it out for weeks,"The smell is VOCs and flame retardants off-gassing from plastics and adhesives, worse in heat. Ventilate generously for the first months.",0,0,,,https://detoxcellence.com/exposure/new-car-interior-off-gassing.html
dry-cleaned-clothes-perc,Dry-Cleaned Clothes (Perc),Environment,Traditional perchloroethylene dry cleaning,5,4,3,56,Moderate,2,Air out garments; choose 'green' cleaners,"Perc is a probable carcinogen that lingers in freshly cleaned fabric. Air garments outside the bag before wearing, or use wet/green cleaners.",1,1,doi:10.1002/etc.665,,https://detoxcellence.com/exposure/dry-cleaned-clothes-perc.html
untested-basement-radon,Untested Basement Radon,Environment,"Lower-floor living space, never tested for radon",8,5,2,41,Moderate,3,"A cheap radon test kit, then mitigate if high",Radon is the second-leading cause of lung cancer and is completely invisible. A one-time test is among the highest-value things on this whole list.,0,0,,,https://detoxcellence.com/exposure/untested-basement-radon.html
regular-exercise-sweat,Regular Exercise & Sweat,Environment,Consistent physical activity,1,1,1,89,Minimal,3,—,"Supports circulation, lymphatic flow and overall metabolic health — the foundation your body's own clearance systems run on. Not a 'detox' shortcut, but the real thing.",0,0,,,https://detoxcellence.com/exposure/regular-exercise-sweat.html
microwave-popcorn-bags,Microwave Popcorn Bags,Kitchen,The grease-proof lining of microwave popcorn bags,5,3,8,46,Moderate,3,Air-pop plain kernels in a pot or a plain paper bag,The non-stick lining has historically used PFAS 'forever chemicals' that can migrate into the oil and popcorn when heated. Loose kernels cost less and skip the coating entirely.,2,1,doi:10.1021/es062377w; doi:10.1289/EHP4092,,https://detoxcellence.com/exposure/microwave-popcorn-bags.html
plastic-tea-bags,Plastic Tea Bags,Food,Pyramid-style mesh tea bags steeped in boiling water,3,4,4,62,Low,2,"Loose-leaf tea with a stainless-steel infuser, or unbleached paper bags",Nylon and PET mesh bags can shed microplastics into hot water. Loose leaf or paper bags avoid the plastic and often taste better.,0,0,,,https://detoxcellence.com/exposure/plastic-tea-bags.html
dark-chocolate-heavy-metals,Dark Chocolate (Heavy Metals),Food,Cocoa-heavy dark chocolate eaten regularly,3,3,3,68,Low,3,Enjoy in moderation and favour brands that publish third-party heavy-metal testing,"Cocoa can carry trace cadmium and lead from soil and processing. Occasional squares are fine; the concern is large daily amounts, especially for children.",0,0,,,https://detoxcellence.com/exposure/dark-chocolate-heavy-metals.html
farmed-salmon,Farmed Salmon,Food,Conventionally farmed Atlantic salmon,2,3,4,70,Low,2,"Wild-caught salmon, or smaller oily fish like sardines and mackerel",Farmed fish can carry more of certain fat-soluble contaminants than wild. It is still a good protein source — variety and smaller species lower the load.,0,0,,,https://detoxcellence.com/exposure/farmed-salmon.html
mothballs-naphthalene,Mothballs (Naphthalene),Home,Naphthalene or paradichlorobenzene mothballs in closets,6,2,3,58,Moderate,3,"Cedar blocks, lavender sachets, or sealed garment bags",Mothballs slowly sublimate into a gas you breathe in enclosed spaces. Physical barriers and natural deterrents protect clothes without the fumes.,0,0,,,https://detoxcellence.com/exposure/mothballs-naphthalene.html
vinyl-pvc-flooring,Vinyl (PVC) Flooring,Home,Flexible vinyl plank or sheet flooring,4,4,7,50,Moderate,2,"Sealed hardwood, tile, or verified phthalate-free flooring","Soft PVC flooring can off-gas phthalate plasticisers, especially when new and warm. Hard, inert surfaces avoid the issue.",1,1,doi:10.1111/j.1600-0668.2012.00788.x,,https://detoxcellence.com/exposure/vinyl-pvc-flooring.html
antibacterial-soap-triclosan,Antibacterial Soap (Triclosan),Personal Care,Hand and body washes marketed as antibacterial,3,3,5,63,Low,3,Plain soap and water — equally effective for everyday handwashing,"Triclosan is a persistent antimicrobial with no proven benefit over plain soap for home use, and it ends up in waterways. Regulators have already pulled it from many products.",0,0,,,https://detoxcellence.com/exposure/antibacterial-soap-triclosan.html
talc-based-body-powder,Talc-Based Body Powder,Personal Care,Loose talcum powder used on skin,4,2,3,67,Low,2,Cornstarch-based powder,The concern is possible asbestos contamination in mined talc and inhalation of fine particles. Cornstarch powders sidestep both.,0,0,,,https://detoxcellence.com/exposure/talc-based-body-powder.html
permanent-hair-dye,Permanent Hair Dye,Personal Care,Oxidative permanent hair colour applied at home or salon,3,2,2,74,Low,2,"Henna, semi-permanent dyes, or less frequent application in a ventilated space",Permanent dyes contain aromatic amines absorbed through the scalp. Spacing out applications and good ventilation reduce the dose.,0,0,,,https://detoxcellence.com/exposure/permanent-hair-dye.html
old-lead-paint,Old Lead Paint,Home,Deteriorating paint in homes built before the late 1970s,9,3,8,28,High,3,Professional lead-safe remediation — never dry-sand it yourself,"Lead paint dust is one of the most serious avoidable household exposures, especially for young children. Disturbing it wrong makes it far worse; use certified remediation.",0,0,,,https://detoxcellence.com/exposure/old-lead-paint.html
plastic-children-s-toys,Plastic Children's Toys,Plastics,"Soft plastic toys, especially older or imported ones",3,3,6,60,Low,3,"Wood, silicone, or certified phthalate-free toys",Soft plastics can contain phthalates that children mouth and handle. Modern certified toys limit these; the risk is mostly older or unregulated imports.,0,0,,,https://detoxcellence.com/exposure/plastic-children-s-toys.html
chlorinated-shower-water,Chlorinated Shower Water,Water,Hot showers in chlorinated municipal water,2,4,2,72,Low,2,Shorter showers,"Hot showers release chloroform and other disinfection by-products into the air you breathe, and some are absorbed through the skin. In a volunteer study, one of them, bromodichloromethane, fell to near undetectable blood levels within a day of skin exposure.",4,3,doi:10.1289/EHP89; doi:10.1038/jes.2012.80; doi:10.1038/sj.jea.7500374; doi:10.1093/toxsci/kfm190,,https://detoxcellence.com/exposure/chlorinated-shower-water.html
black-plastic-kitchen-utensils,Black Plastic Kitchen Utensils,Kitchen,Black nylon/plastic spatulas and serving spoons,5,4,5,50,Moderate,2,Stainless steel or solid wood utensils,Some black plastic kitchenware is made from recycled electronic plastic and can carry brominated flame retardants that migrate into hot food. Metal or wood avoids the issue.,0,0,,,https://detoxcellence.com/exposure/black-plastic-kitchen-utensils.html
nonstick-air-fryer-basket,Nonstick Air Fryer Basket,Kitchen,PTFE-coated air fryer baskets and trays,4,5,6,49,Moderate,2,A stainless-steel or ceramic-coated basket,High-heat cooking on scratched PTFE coatings can release fumes and shed particles. Uncoated stainless or a ceramic liner sidesteps the fluorinated coating.,0,0,,,https://detoxcellence.com/exposure/nonstick-air-fryer-basket.html
melamine-dishware,Melamine Dishware,Kitchen,Melamine plates and bowls used with hot food,3,4,3,65,Low,2,"Glass, ceramic or stainless dishware","Melamine can migrate from the dish into hot, acidic or microwaved food. It is fine for cold use, but keep it away from heat, or switch to glass.",0,0,,,https://detoxcellence.com/exposure/melamine-dishware.html
silicone-bakeware,Silicone Bakeware,Kitchen,Food-grade silicone moulds and mats,2,3,2,75,Low,1,—,Good-quality food-grade silicone is stable and low-migration at normal baking temperatures. Choose platinum-cured silicone and avoid cheap fillers for the cleanest option.,0,0,,,https://detoxcellence.com/exposure/silicone-bakeware.html
conventional-apples,Conventional Apples,Food,Non-organic apples eaten with skin,4,5,3,57,Moderate,2,"Organic apples, or wash and peel","Apples rank high on pesticide-residue testing because residues concentrate in the skin. Washing helps, peeling helps more, and organic avoids most of it.",0,0,,,https://detoxcellence.com/exposure/conventional-apples.html
conventional-grapes,Conventional Grapes,Food,Non-organic table grapes,4,5,3,57,Moderate,2,"Organic grapes, or a thorough rinse",Grapes routinely show multiple pesticide residues on residue-monitoring lists. A good rinse cuts surface residue; organic avoids most of it.,0,0,,,https://detoxcellence.com/exposure/conventional-grapes.html
deli-meats,Deli Meats,Food,"Processed sliced ham, salami and cured meats",4,4,2,63,Low,3,Fresh-roasted meat you slice yourself,"Processed meats are classified as a group 1 carcinogen, driven partly by nitrite-formed nitrosamines. Occasional use is one thing; daily deli sandwiches add up.",0,0,,,https://detoxcellence.com/exposure/deli-meats.html
canned-tuna,Canned Tuna,Food,Albacore/white canned tuna eaten frequently,5,4,6,48,Moderate,3,Light skipjack tuna or small oily fish like sardines,"Larger tuna accumulate methylmercury, which builds up in the body. Choosing smaller 'light' tuna or sardines keeps the omega-3s with far less mercury.",0,0,,,https://detoxcellence.com/exposure/canned-tuna.html
protein-powder,Protein Powder,Food,Daily protein-powder shakes,4,4,5,55,Moderate,2,"A third-party heavy-metal-tested powder, or whole-food protein","Independent testing has found lead, cadmium and arsenic in some protein powders, especially plant and chocolate varieties. Look for published heavy-metal testing.",0,0,,,https://detoxcellence.com/exposure/protein-powder.html
conventional-makeup-pfas,Conventional Makeup (PFAS),Personal Care,"Long-wear foundation, mascara and lipstick",4,4,7,50,Moderate,2,Cosmetics labelled PFAS-free,"Studies have detected PFAS 'forever chemicals' in many long-wear and waterproof cosmetics, applied daily right on the skin. PFAS-free lines avoid them.",2,2,doi:10.1021/acs.estlett.1c00240; doi:10.1038/s41370-018-0094-1,,https://detoxcellence.com/exposure/conventional-makeup-pfas.html
scented-body-wash,Scented Body Wash,Personal Care,Fragranced shower gels and washes,3,5,2,64,Low,2,A fragrance-free or essential-oil-only wash,"'Fragrance' can hide phthalates used to make scent last. You rinse it off, but daily whole-body use adds up — fragrance-free removes the guesswork.",0,0,,,https://detoxcellence.com/exposure/scented-body-wash.html
chemical-hair-relaxers,Chemical Hair Relaxers,Personal Care,Chemical straightening and relaxer treatments,5,3,3,59,Moderate,3,Skip chemical straightening; heat-style sparingly,"Large studies link frequent chemical hair-straightener use to hormone-related health risks, and some release formaldehyde. Reducing frequency lowers the exposure.",0,0,,,https://detoxcellence.com/exposure/chemical-hair-relaxers.html
conventional-body-lotion,Conventional Body Lotion,Personal Care,Fragranced lotions with parabens,3,5,2,64,Low,2,"A fragrance-free, paraben-free lotion","Applied over a large skin area daily, paraben-and-fragrance lotions are a steady low-level exposure. Simple fragrance-free formulas do the same job.",0,0,,,https://detoxcellence.com/exposure/conventional-body-lotion.html
pfas-coated-dental-floss,PFAS-Coated Dental Floss,Personal Care,Slick PTFE/PFAS-coated 'glide' floss,3,3,7,58,Moderate,2,Uncoated or natural-wax floss,"Some smooth 'glide' flosses are PTFE-based, and research has associated their use with higher PFAS levels. Plain waxed floss works just as well.",1,1,doi:10.1038/s41370-018-0109-y,,https://detoxcellence.com/exposure/pfas-coated-dental-floss.html
flame-retardant-furniture-foam,Flame-Retardant Furniture Foam,Home,Older upholstered sofas and chairs with FR foam,5,5,6,44,Moderate,3,Furniture labelled free of added flame retardants (TB117-2013),Older upholstered foam often contains persistent flame retardants that migrate into house dust. Newer 'no added flame retardants' labelling avoids them.,0,0,,,https://detoxcellence.com/exposure/flame-retardant-furniture-foam.html
conventional-mattress,Conventional Mattress,Home,New synthetic mattress off-gassing,4,5,4,54,Moderate,2,A CertiPUR-US or GOTS/GOLS-certified mattress; air out new ones,"You spend a third of your life in contact with it, and new synthetic mattresses can off-gas VOCs and carry flame retardants. Certified low-emission foam or natural latex reduces both.",0,0,,,https://detoxcellence.com/exposure/conventional-mattress.html
new-carpet,New Carpet,Home,Freshly installed wall-to-wall carpet,4,4,6,52,Moderate,2,Low-VOC hard flooring or untreated wool rugs,New carpet can off-gas VOCs and often carries PFAS-based stain treatment that ends up in house dust. Hard flooring or untreated natural fibres avoids the stain chemistry.,1,1,doi:10.1016/j.envres.2021.110758,,https://detoxcellence.com/exposure/new-carpet.html
antibacterial-wipes,Antibacterial Wipes,Home,Quat-based disinfecting wipes used daily,3,4,3,65,Low,2,"Plain soap and water, or plant-based cleaners",Quaternary ammonium 'quat' disinfectants are respiratory irritants and are overkill for everyday surfaces. Soap and water handles most home cleaning.,0,0,,,https://detoxcellence.com/exposure/antibacterial-wipes.html
pressed-wood-furniture,Pressed-Wood Furniture,Home,Particleboard and MDF furniture off-gassing,4,4,3,60,Low,3,Solid wood or CARB2 / formaldehyde-free rated pieces,"Particleboard and MDF glues can off-gas formaldehyde, a known irritant and carcinogen, for months. Solid wood or low-emission certified board reduces it.",0,0,,,https://detoxcellence.com/exposure/pressed-wood-furniture.html
polyester-clothing,Polyester Clothing,Plastics,Synthetic fabrics that shed microfibres,3,5,6,54,Moderate,2,"Natural fibres — cotton, wool, linen; a microfibre laundry bag","Synthetic clothing sheds plastic microfibres in the wash and through wear, adding to microplastic exposure. Natural fibres and a filter bag cut the shedding.",1,1,doi:10.1038/s41598-019-43023-x,,https://detoxcellence.com/exposure/polyester-clothing.html
disposable-coffee-cups,Disposable Coffee Cups,Plastics,Plastic-lined paper cups for hot drinks,3,4,5,60,Low,2,A reusable ceramic or stainless cup,The thin plastic lining that makes paper cups waterproof can shed microplastic particles into hot liquid. A reusable cup avoids the daily dose.,0,0,,,https://detoxcellence.com/exposure/disposable-coffee-cups.html
vinyl-pvc-yoga-mat,Vinyl (PVC) Yoga Mat,Plastics,Soft PVC exercise and yoga mats,3,3,5,63,Low,2,"A TPE, cork or natural-rubber mat","Flexible PVC mats can contain phthalate plasticisers and give off that 'new plastic' smell. TPE, cork or rubber mats skip the PVC chemistry.",0,0,,,https://detoxcellence.com/exposure/vinyl-pvc-yoga-mat.html
old-lead-plumbing,Old Lead Plumbing,Water,Lead service lines or old solder in home plumbing,6,5,5,42,Moderate,3,"Test the water, use a filter certified to NSF/ANSI 53 for lead, and replace the lead line","Lead pipes and solder can leach lead into tap water, and harm has been measured even at low blood-lead levels. Have the water tested, and use a filter certified to NSF/ANSI 53 for lead until the line is replaced.",5,3,doi:10.1016/S2468-2667(18)30025-2; doi:10.1289/ehp.7688; doi:10.1016/j.envres.2010.10.003; doi:10.1021/acs.est.5c06429; doi:10.1289/ehp.919133,,https://detoxcellence.com/exposure/old-lead-plumbing.html
chlorinated-pool-water,Chlorinated Pool Water,Environment,Frequent indoor chlorinated-pool swimming,3,4,2,67,Low,2,Rinse before and after; well-ventilated or saltwater pools,"Chlorine reacts with sweat and skin oils to form disinfection by-products you absorb and inhale, worst in poorly ventilated indoor pools. Showering first and good ventilation help.",0,0,,,https://detoxcellence.com/exposure/chlorinated-pool-water.html
wildfire-smoke,Wildfire Smoke,Environment,Fine-particle smoke during wildfire season,5,4,2,58,Moderate,3,HEPA air purifier indoors; a fitted N95 outdoors,"Wildfire smoke is loaded with fine PM2.5 that reaches deep into the lungs. On smoky days, a HEPA purifier indoors and a fitted N95 outdoors cut what you breathe in.",0,0,,,https://detoxcellence.com/exposure/wildfire-smoke.html
aluminum-foil-cooking,Aluminum Foil (Cooking),Kitchen,"Wrapping or cooking hot, acidic food in foil",3,5,3,61,Low,2,"Parchment paper, or cook in a glass or ceramic dish","Small amounts of aluminum migrate into food, more so with heat and acidic ingredients like tomato or lemon. Everyday amounts are generally considered low-risk, but you can avoid the transfer entirely with an inert surface.",0,0,,,https://detoxcellence.com/exposure/aluminum-foil-cooking.html
plastic-coffee-pods-k-cups,Plastic Coffee Pods (K-Cups),Kitchen,Single-serve plastic pods brewed with near-boiling water,4,5,6,49,Moderate,2,"A reusable stainless-steel pod, or a French press or moka pot","Forcing hot water through a thin plastic pod can release microplastics and, from some plastics, trace additives. A steel filter avoids the disposable plastic entirely.",0,0,,,https://detoxcellence.com/exposure/plastic-coffee-pods-k-cups.html
fabric-protector-spray-pfas,Fabric Protector Spray (PFAS),Home,"Aftermarket stain-repellent sprays for furniture, shoes and carpet",7,3,8,37,High,3,Skip the spray; choose untreated natural-fibre textiles and blot spills promptly,"Many stain and water repellents rely on PFAS, the persistent fluorinated compounds that build up in the body and environment. Aerosol application also means you inhale the mist.",1,1,doi:10.1080/15459620490490084,,https://detoxcellence.com/exposure/fabric-protector-spray-pfas.html
glyphosate-weed-killer,Glyphosate Weed Killer,Environment,Home garden and lawn herbicide use,6,3,3,54,Moderate,2,"Manual weeding, mulching, or a vinegar-based spot herbicide","Glyphosate residues are widely detected and its hazard classification is debated by regulators. For home use, non-chemical weed control removes the exposure and the drift onto edible plants.",0,0,,,https://detoxcellence.com/exposure/glyphosate-weed-killer.html
deet-insect-repellent,DEET Insect Repellent,Personal Care,Skin-applied mosquito and tick repellent,3,3,2,71,Low,2,"Apply to clothing rather than skin, or use a picaridin repellent","DEET is registered and effective at preventing insect-borne disease, and that protection often outweighs the exposure. To reduce contact, use the lowest effective concentration and wash it off once indoors.",0,0,,,https://detoxcellence.com/exposure/deet-insect-repellent.html
conventional-kale,Conventional Kale,Food,"Non-organic kale, a frequent pesticide-residue crop",4,4,2,63,Low,2,"Organic kale, or wash and soak thoroughly before eating","Leafy greens like kale regularly appear high on pesticide-residue rankings. The vegetable itself is nutritious — the exposure is the residue, which washing and organic sourcing reduce.",0,0,,,https://detoxcellence.com/exposure/conventional-kale.html
conventional-peaches,Conventional Peaches,Food,Non-organic peaches and nectarines,4,4,2,63,Low,2,"Organic peaches, or peel and wash conventional ones",Soft-skinned stone fruit tends to carry more surface pesticide residue. Choosing organic or peeling reduces the residue you consume without giving up the fruit.,0,0,,,https://detoxcellence.com/exposure/conventional-peaches.html
microwave-frozen-meals-plastic-tray,Microwave Frozen Meals (Plastic Tray),Plastics,Heating a ready meal in its plastic tray or film,4,5,5,52,Moderate,3,Transfer the food to a glass or ceramic dish before microwaving,"Microwaving in plastic is one of the biggest drivers of chemical and microplastic migration into food, because heat accelerates the transfer. Moving the food to glass first avoids it.",0,0,,,https://detoxcellence.com/exposure/microwave-frozen-meals-plastic-tray.html
fast-food-wrappers-pfas,Fast-Food Wrappers (PFAS),Food,"Grease-resistant wrappers, bags and boxes for hot food",6,4,8,38,High,3,"Unwrap greasy food promptly, or cook the same meals at home","Grease-proof food packaging has often been treated with PFAS, which can migrate into hot, oily food. Getting the food out of the wrapper quickly limits the contact time.",1,1,doi:10.1021/acs.estlett.6b00435,,https://detoxcellence.com/exposure/fast-food-wrappers-pfas.html
turmeric-supplements-lead,Turmeric Supplements (Lead),Food,Bulk or imported turmeric powder and capsules,6,2,5,53,Moderate,2,Buy turmeric from brands that publish heavy-metal testing,"Some turmeric has been adulterated with lead-based colourant to brighten it, a documented source of lead exposure. Third-party-tested brands avoid the problem.",0,0,,,https://detoxcellence.com/exposure/turmeric-supplements-lead.html
ground-cinnamon-lead,Ground Cinnamon (Lead),Food,Some imported ground cinnamon and cinnamon products,5,3,4,56,Moderate,2,"Use Ceylon cinnamon from tested, reputable brands",Recent recalls found elevated lead in certain cinnamon and cinnamon-flavoured products. The spice in normal amounts is fine — the concern is contamination in specific low-quality supply chains.,0,0,,,https://detoxcellence.com/exposure/ground-cinnamon-lead.html
aerosol-dry-shampoo-benzene,Aerosol Dry Shampoo (Benzene),Personal Care,Spray-can dry shampoo used near the scalp,6,4,3,51,Moderate,2,"A non-aerosol powder dry shampoo, or simply washing your hair","Testing has found benzene, a known carcinogen, contaminating some aerosol dry shampoos from the propellant. Powder formats avoid both the contaminant and the inhaled mist.",0,0,,,https://detoxcellence.com/exposure/aerosol-dry-shampoo-benzene.html
aerosol-sunscreen-spray-benzene,Aerosol Sunscreen Spray (Benzene),Personal Care,Spray sunscreens found to contain benzene contamination,5,4,3,56,Moderate,2,A mineral (zinc oxide) lotion sunscreen,"Several spray sunscreens were recalled after benzene was detected. Sun protection still matters — a lotion, especially a mineral one, gives the protection without the propellant and contamination risk.",0,0,,,https://detoxcellence.com/exposure/aerosol-sunscreen-spray-benzene.html
conventional-tampons,Conventional Tampons,Personal Care,Scented or conventional cotton/rayon menstrual products,4,5,3,57,Moderate,2,"Unscented organic-cotton products, or a medical-grade silicone cup","Menstrual products contact absorptive tissue, and studies have detected fragrance chemicals and trace metals in some. Unscented, tested materials reduce that contact exposure.",0,0,,,https://detoxcellence.com/exposure/conventional-tampons.html
baby-food-pouches-heavy-metals,Baby Food Pouches (Heavy Metals),Food,"Commercial infant purees, especially rice-based ones",6,4,4,48,Moderate,3,Vary grains away from rice and serve fresh homemade purees,"Investigations have found arsenic, lead and cadmium in some commercial baby foods, with rice-based products highest. Varying ingredients and making purees at home lowers the cumulative intake.",0,0,,,https://detoxcellence.com/exposure/baby-food-pouches-heavy-metals.html
laundry-detergent-1-4-dioxane,"Laundry Detergent (1,4-Dioxane)",Home,Conventional and heavily fragranced laundry detergents,4,5,3,57,Moderate,2,"A fragrance-free detergent screened for 1,4-dioxane","Some detergents contain 1,4-dioxane, a manufacturing by-product, plus fragrance allergens that linger on clothes against the skin. Certified fragrance-free products reduce both.",0,0,,,https://detoxcellence.com/exposure/laundry-detergent-1-4-dioxane.html
artificial-turf-crumb-rubber,Artificial Turf (Crumb Rubber),Environment,Synthetic sports and play surfaces with rubber infill,5,3,7,49,Moderate,2,"Natural grass where possible, and wash hands after play","Crumb-rubber infill and turf fibres can contain PFAS, PAHs and metals. Skin and hand-to-mouth contact are the main routes, so washing up after use reduces it.",1,1,doi:10.1021/acs.estlett.2c00260,,https://detoxcellence.com/exposure/artificial-turf-crumb-rubber.html
garden-hose-water,Garden Hose Water,Environment,Drinking from or filling bottles with a standard garden hose,4,3,4,61,Low,2,"A hose labelled drinking-water-safe (lead-free), and let it run first","Ordinary hoses can leach lead, BPA and phthalates, especially after sitting in the sun. A drinking-water-rated hose and flushing the warm water first avoid most of it.",0,0,,,https://detoxcellence.com/exposure/garden-hose-water.html
pressure-treated-wood,Pressure-Treated Wood,Home,"Chemically treated lumber for decks, raised beds and play sets",5,3,6,51,Moderate,2,"Seal it, or use untreated cedar or composite for garden and play surfaces",Older pressure-treated wood used arsenic-based preservative; newer types use copper compounds that can still leach. Sealing the wood or choosing untreated material limits skin and soil contact.,0,0,,,https://detoxcellence.com/exposure/pressure-treated-wood.html
aerosol-air-freshener-spray,Aerosol Air Freshener Spray,Home,Spray-can room and fabric fresheners,4,5,3,57,Moderate,2,"Open a window, or simmer citrus peel and herbs","Aerosol fresheners release VOCs and often phthalates as fragrance carriers, which you then inhale in an enclosed room. Ventilation addresses odour at the source rather than masking it.",1,1,doi:10.1016/j.envint.2020.106152,,https://detoxcellence.com/exposure/aerosol-air-freshener-spray.html
plastic-baby-bottles-heated,Plastic Baby Bottles (Heated),Plastics,Polypropylene bottles used for hot formula preparation,4,7,6,42,Moderate,2,"Glass or stainless-steel bottles, and cool water before it touches plastic","Research published in Nature Food found polypropylene infant bottles release very large numbers of microplastic particles when formula is prepared at high temperature, with release rising sharply with water temperature. Preparing in a non-plastic vessel and cooling before transfer lowers release substantially.",0,0,,,https://detoxcellence.com/exposure/plastic-baby-bottles-heated.html
paper-bamboo-drinking-straws,Paper & Bamboo Drinking Straws,Plastics,Plastic-free straws marketed as the eco option,3,3,8,55,Moderate,2,"Stainless-steel or glass straws, or simply no straw","A Belgian survey published in Food Additives & Contaminants detected PFAS in the majority of paper and bamboo straws tested — often at higher rates than in plastic ones, because the coating that makes them water-resistant is itself fluorinated. Reusable metal or glass avoids the coating question entirely.",2,2,doi:10.1080/19440049.2023.2240908; doi:10.1038/s41370-018-0094-1,,https://detoxcellence.com/exposure/paper-bamboo-drinking-straws.html
unlined-copper-cookware,Unlined Copper Cookware,Kitchen,Bare copper pots in contact with acidic food,4,3,3,64,Low,3,"Tin- or stainless-lined copper, or plain stainless steel","Copper leaches readily into acidic foods, which is why food-safety codes restrict bare copper surfaces from contacting acidic ingredients. Lined copper keeps the heat-conduction benefit without the direct food contact.",0,0,,,https://detoxcellence.com/exposure/unlined-copper-cookware.html
imported-glazed-ceramic-dishware,Imported Glazed Ceramic Dishware,Kitchen,Traditional or artisanal glazed pottery used for food,7,4,5,41,Moderate,3,"Ceramics certified lead-free for food use, or plain porcelain and glass","Health agencies have repeatedly documented lead leaching from traditional glazed pottery, particularly when it holds acidic or hot food. Decorative pieces are not always fired to food-safe standards; keep unverified glazed pottery ornamental.",0,0,,,https://detoxcellence.com/exposure/imported-glazed-ceramic-dishware.html
decorated-vintage-glassware,Decorated Vintage Glassware,Kitchen,Enamelled or painted drinking glasses and dishes,6,3,5,49,Moderate,2,"Undecorated plain glass, or keep painted pieces for display only","Analytical work published in Science of the Total Environment found lead and cadmium in the enamelled decoration on a large share of drinking glasses tested, including new items. The glass itself is inert — the concern is the exterior paint, especially where it meets the rim.",0,0,,,https://detoxcellence.com/exposure/decorated-vintage-glassware.html
unvented-portable-kerosene-heater,Unvented Portable Kerosene Heater,Air,Flueless kerosene or paraffin space heaters,6,6,2,47,Moderate,3,"Vented heating, or electric heaters with a window cracked","Any unvented combustion appliance puts its entire exhaust — nitrogen dioxide, carbon monoxide and fine particles — into the room it is heating. Vented or electric heating removes the combustion products from the indoor air entirely.",1,1,doi:10.1080/15287399209531629,,https://detoxcellence.com/exposure/unvented-portable-kerosene-heater.html
3d-printer-fumes,3D Printer Fumes,Air,Desktop filament printers running in an unventilated room,4,5,2,59,Moderate,2,"An enclosed printer vented outside, or a HEPA-and-carbon enclosure","Melting filament emits ultrafine particles and VOCs, with emission rates varying widely by material — ABS is consistently measured higher than PLA. Enclosing and venting the printer, or running it in a room you are not sitting in, addresses most of it.",1,1,doi:10.1021/acs.est.5b04983,,https://detoxcellence.com/exposure/3d-printer-fumes.html
laser-printer-toner-emissions,Laser Printer Toner Emissions,Air,Office laser printers on or beside a desk,3,4,2,67,Low,2,Site the printer away from desks in a ventilated space,"Work published in Environmental Science & Technology found some laser printers emit substantial ultrafine particles during printing, driven by the hot fuser. Distance and ventilation are the practical levers, since emission is highest right at the machine.",1,1,doi:10.1021/es063049z,,https://detoxcellence.com/exposure/laser-printer-toner-emissions.html
scented-wax-melts,Scented Wax Melts,Home,Flame-free warmers marketed as a cleaner alternative to candles,4,5,3,57,Moderate,2,"Unscented warmers, or ventilation instead of fragrance","Because they are flameless, wax melts are often assumed to be the clean option. Research from Purdue published in Environmental Science & Technology Letters found they release high levels of fragrance terpenes that react with indoor ozone to form nanoparticles, at levels comparable to combustion sources.",0,0,,,https://detoxcellence.com/exposure/scented-wax-melts.html
ultrasonic-humidifier-tap-water,Ultrasonic Humidifier (Tap Water),Home,Cool-mist humidifiers filled straight from the tap,3,5,2,64,Low,2,"Distilled or demineralised water, emptied and cleaned between uses","Ultrasonic units aerosolise whatever is in the tank — dissolved minerals become the fine white dust that settles on surfaces, and a standing tank can grow microbial films. Distilled water and routine cleaning address both.",0,0,,,https://detoxcellence.com/exposure/ultrasonic-humidifier-tap-water.html
damp-mould-in-the-home,Damp & Mould in the Home,Home,"Persistent damp, condensation or visible mould growth",6,7,4,38,High,3,"Fix the moisture source, ventilate, and keep humidity below 50%","WHO guidance on indoor air quality treats persistent indoor damp as a well-established respiratory irritant. Remediation works on the water, not the mould — cleaning visible growth without fixing the moisture source simply lets it return.",0,0,,,https://detoxcellence.com/exposure/damp-mould-in-the-home.html
nail-polish-triphenyl-phosphate,Nail Polish (Triphenyl Phosphate),Personal Care,Conventional polish containing TPHP as a plasticiser,4,4,4,58,Moderate,2,"Polish labelled TPHP-free, and apply in a ventilated room","A study in Environment International measured a clear rise in a TPHP metabolite in urine after participants painted their nails, showing the plasticiser is absorbed rather than staying on the surface. TPHP-free formulations are now widely available and labelled.",0,0,,,https://detoxcellence.com/exposure/nail-polish-triphenyl-phosphate.html
keratin-hair-smoothing-treatments,Keratin Hair Smoothing Treatments,Personal Care,Salon smoothing systems that release formaldehyde when heated,7,3,2,52,Moderate,3,"Formaldehyde-free smoothing systems, or skip the treatment","Occupational safety regulators issued hazard alerts after air testing found formaldehyde released during these treatments, including from products labelled formaldehyde-free. Salon workers carry the heaviest exposure because it is repeated daily.",0,0,,,https://detoxcellence.com/exposure/keratin-hair-smoothing-treatments.html
gel-manicure-uv-lamps,Gel Manicure UV Lamps,Personal Care,UV curing lamps used to set gel polish,4,3,1,69,Low,2,"UV-protective fingerless gloves, or regular polish",These lamps emit UVA. Laboratory work published in Nature Communications documented DNA damage in human cells exposed to gel-lamp radiation. Fingerless UV gloves are an inexpensive way to keep the exposure off the skin while still curing the polish.,0,0,,,https://detoxcellence.com/exposure/gel-manicure-uv-lamps.html
recalled-hand-sanitiser-benzene-methanol,Recalled Hand Sanitiser (Benzene & Methanol),Personal Care,Gel sanitisers from unverified manufacturers,6,4,2,54,Moderate,3,Soap and water where available; check recall lists for your brand,"Regulators issued extensive recalls after testing found methanol substituted for ethanol in some sanitisers, and independent laboratory testing later flagged benzene contamination in specific batches. Washing with soap and water avoids the supply-chain question altogether.",0,0,,,https://detoxcellence.com/exposure/recalled-hand-sanitiser-benzene-methanol.html
infant-rice-cereal-inorganic-arsenic,Infant Rice Cereal (Inorganic Arsenic),Food,Single-grain rice cereal as a first food,6,5,4,45,Moderate,3,"Rotate in oat, barley and multigrain cereals","Rice takes up more inorganic arsenic from soil and water than other grains, and regulators set a specific action level for infant rice cereal because infants eat a large amount relative to body weight. Varying the grain is the straightforward move.",0,0,,,https://detoxcellence.com/exposure/infant-rice-cereal-inorganic-arsenic.html
ayurvedic-herbal-supplements,Ayurvedic Herbal Supplements,Food,Imported traditional herbal remedies,7,3,5,45,Moderate,3,Third-party tested supplements carrying a USP or NSF mark,"Testing published in JAMA found detectable lead, mercury or arsenic in roughly one in five Ayurvedic products purchased in the United States, including products bought online. Independent third-party certification is the practical filter.",0,0,,,https://detoxcellence.com/exposure/ayurvedic-herbal-supplements.html
herbal-teas-pyrrolizidine-alkaloids,Herbal Teas (Pyrrolizidine Alkaloids),Food,Botanical infusions drunk daily from one source,4,4,2,63,Low,2,Rotate varieties and brands rather than drinking one blend daily,"European food-safety surveys have found pyrrolizidine alkaloids in herbal and tea products, arriving as weed contamination during harvest rather than from the named plant. Rotating what you drink keeps any single contaminated source from becoming a daily habit.",0,0,,,https://detoxcellence.com/exposure/herbal-teas-pyrrolizidine-alkaloids.html
hijiki-seaweed,Hijiki Seaweed,Food,A specific sea vegetable used in Japanese cooking,7,2,4,51,Moderate,3,"Nori, wakame or kombu, which do not carry the same finding","Food-safety agencies in several countries advise against eating hijiki specifically, after testing found inorganic arsenic at levels far above other edible seaweeds. This is unusual among sea vegetables — the common alternatives are not implicated.",0,0,,,https://detoxcellence.com/exposure/hijiki-seaweed.html
sea-salt-microplastics,Sea Salt (Microplastics),Food,Salt evaporated from seawater,2,4,7,59,Moderate,2,"Mined rock salt, which does not pass through seawater","Multiple international surveys have detected microplastic particles in the large majority of sea salt brands tested, tracking the plastic load of the source water. Rock salt comes from ancient deposits and consistently tests lower.",0,0,,,https://detoxcellence.com/exposure/sea-salt-microplastics.html
harvested-rainwater,Harvested Rainwater,Water,Roof-collected rainwater used for drinking,4,3,8,51,Moderate,2,Drink mains water rather than untreated roof rainwater,"Rain carries PFAS: a 2022 global analysis in Environmental Science & Technology found PFOA and PFOS in rainwater often far above US EPA drinking-water advisory levels, and 28% of roof-harvested samples in an Arizona study exceeded the then 70 ng/L advisory. Roofs and tanks add their own: 1–4% of 100 Australian household tanks exceeded drinking-water health values for metals.",6,3,doi:10.1038/s41370-018-0094-1; doi:10.1016/j.scitotenv.2023.162662; doi:10.1021/acs.est.2c02765; doi:10.1016/j.jenvman.2026.130884; doi:10.1039/d0em00355g; doi:10.1136/oemed-2017-104651,,https://detoxcellence.com/exposure/harvested-rainwater.html
idling-a-vehicle-in-an-attached-garage,Idling a Vehicle in an Attached Garage,Environment,Warming up or running an engine with the garage door closed,8,4,1,47,Moderate,3,"Reverse out first, and never run an engine in a closed garage","Exhaust in an attached garage carries carbon monoxide and benzene into the living space through the shared wall, and concentrations build quickly in an enclosed space. Backing out before starting removes the exposure completely and costs nothing.",0,0,,,https://detoxcellence.com/exposure/idling-a-vehicle-in-an-attached-garage.html
conventional-blueberries,Conventional Blueberries,Food,Non-organic fresh or frozen blueberries,4,5,3,57,Moderate,2,"Organic blueberries, or a good rinse before eating","EWG added blueberries to its Dirty Dozen after USDA testing found residues of organophosphate insecticides on a large share of samples. Organic removes the concern, and even conventional berries stay a nutritious choice once washed.",0,0,,,https://detoxcellence.com/exposure/conventional-blueberries.html
conventional-green-beans,Conventional Green Beans,Food,Non-organic fresh or frozen green beans,4,4,3,60,Low,2,"Organic green beans, or wash conventional ones well",USDA sampling behind EWG's Dirty Dozen found residues of acephate — an insecticide the EPA banned on the crop decades ago — on some conventional green beans. Buying organic sidesteps it entirely.,0,0,,,https://detoxcellence.com/exposure/conventional-green-beans.html
conventional-bell-peppers,Conventional Bell Peppers,Food,Non-organic sweet bell peppers,4,5,3,57,Moderate,2,"Organic peppers, or wash and peel where practical",Peppers sit high on EWG's Dirty Dozen because their thin skin retains multiple pesticide residues per sample. They are worth eating; buying the organic version is the clean upgrade.,0,0,,,https://detoxcellence.com/exposure/conventional-bell-peppers.html
conventional-celery,Conventional Celery,Food,Non-organic celery stalks,4,4,3,60,Low,2,Organic celery,"Celery is a perennial Dirty Dozen entry: with no protective peel, USDA tests routinely find several pesticide residues on a single stalk. Organic is the straightforward swap.",0,0,,,https://detoxcellence.com/exposure/conventional-celery.html
conventional-cherries,Conventional Cherries,Food,Non-organic fresh cherries,4,4,3,60,Low,2,"Organic cherries, or wash thoroughly","Cherries appear on EWG's Dirty Dozen, with USDA testing detecting organophosphate residues on many samples. A thorough rinse helps; organic removes the issue.",0,0,,,https://detoxcellence.com/exposure/conventional-cherries.html
conventional-potatoes,Conventional Potatoes,Food,Non-organic potatoes,3,6,3,58,Moderate,2,"Organic potatoes, or peel before cooking","Conventional potatoes are treated with chlorpropham, a sprout-inhibitor found on the skin of many samples. Because potatoes are eaten so often, the cumulative exposure adds up — peeling or buying organic reduces it.",0,0,,,https://detoxcellence.com/exposure/conventional-potatoes.html
skin-lightening-creams-mercury,Skin-Lightening Creams (Mercury),Personal Care,Imported or unregulated skin-whitening and anti-aging creams,9,3,6,33,High,3,Avoid entirely; use mercury-free vitamin C or niacinamide brighteners,"The FDA and EPA warn that some imported skin-lightening creams contain mercury at dangerous levels, which absorbs through skin and accumulates in the body and nervous system. There is no safe use — check labels for 'mercurous chloride', 'calomel' or 'mercurio' and discard them.",0,0,,,https://detoxcellence.com/exposure/skin-lightening-creams-mercury.html
kohl-kajal-eyeliner-lead,Kohl / Kajal Eyeliner (Lead),Personal Care,"Traditional kohl, kajal, surma or tiro eye cosmetics",8,3,5,40,Moderate,3,FDA-approved eyeliner from a regulated brand,"The FDA has repeatedly warned that traditional kohl and kajal can be largely lead salts, and their use near the eye is linked to raised blood-lead levels, especially in children. Only cosmetics with an FDA-approved colour additive list are safe substitutes.",0,0,,,https://detoxcellence.com/exposure/kohl-kajal-eyeliner-lead.html
imported-candy-lead,Imported Candy (Lead),Food,"Certain imported tamarind, chili or clay-based sweets",6,2,5,53,Moderate,2,Reputable domestic brands; avoid candies in unlabeled or ceramic wrappers,"California and the FDA have documented lead in some imported candies, traced to chili powder, tamarind and the ink or ceramic of the wrapper. Children are most vulnerable; choosing regulated brands avoids the risk.",0,0,,,https://detoxcellence.com/exposure/imported-candy-lead.html
vaping-e-cigarette-aerosol,Vaping / E-Cigarette Aerosol,Air,Inhaling and exhaling e-cigarette vapour indoors,7,5,2,46,Moderate,2,Quit vaping; seek nicotine-cessation support,"E-cigarette aerosol is not just water vapour: peer-reviewed analyses find heavy metals such as lead, nickel and chromium leached from the coil, plus formaldehyde and fine particulate. Secondhand vapour exposes bystanders too.",1,1,doi:10.1016/j.ijheh.2013.11.003,,https://detoxcellence.com/exposure/vaping-e-cigarette-aerosol.html
vinyl-tablecloth-phthalates-lead,Vinyl Tablecloth (Phthalates & Lead),Home,Flexible PVC tablecloths and placemats,5,3,4,56,Moderate,2,"Cotton, linen, or PEVA/EVA tablecloths","Independent testing has found flexible vinyl tablecloths that contain phthalate plasticizers and, in some products, lead used as a stabilizer — both of which can transfer to hands and food. Natural-fibre or PVC-free covers avoid it.",0,0,,,https://detoxcellence.com/exposure/vinyl-tablecloth-phthalates-lead.html
faux-leather-pvc-furniture,Faux-Leather (PVC) Furniture,Home,Sofas and chairs upholstered in vinyl 'bonded leather',4,4,4,58,Moderate,2,"Real leather, wool, or polyurethane (PU) upholstery","Most inexpensive faux leather is PVC softened with phthalate plasticizers that migrate out and settle into house dust over the years you own the piece. Genuine leather, wool or PU alternatives skip the softeners.",0,0,,,https://detoxcellence.com/exposure/faux-leather-pvc-furniture.html
costume-jewelry-lead-cadmium,Costume Jewelry (Lead & Cadmium),Personal Care,Cheap metal fashion jewelry and children's trinkets,6,2,4,55,Moderate,2,"Solid stainless steel, titanium, or precious metals","CPSC recalls and independent testing regularly find high levels of lead and cadmium in low-cost metal jewelry, a hazard mainly through skin contact and, for children, mouthing. Stainless steel, titanium or solid gold/silver are inert.",0,0,,,https://detoxcellence.com/exposure/costume-jewelry-lead-cadmium.html
ceramic-coated-nonstick-pans,Ceramic-Coated Nonstick Pans,Kitchen,Sol-gel 'ceramic' nonstick cookware marketed as PFAS-free,3,4,3,65,Low,1,Bare cast iron or stainless steel,"Ceramic nonstick avoids PTFE, which is a genuine plus, but the thin sol-gel coating wears off within a year or two and its full nanoparticle composition is rarely disclosed. Cast iron and stainless last for decades with nothing to shed.",0,0,,,https://detoxcellence.com/exposure/ceramic-coated-nonstick-pans.html
bentonite-clay-detox-products-lead,Bentonite Clay Detox Products (Lead),Food,Edible 'detox' clay powders and cleanses,6,2,5,53,Moderate,2,Skip clay cleanses; support your body's own clearance,"The FDA has warned that some edible bentonite clay 'detox' products contain elevated lead, which the clay draws from its geological source. Ironically, a product sold to remove toxins can add one — and there is no evidence it detoxes anything.",0,0,,,https://detoxcellence.com/exposure/bentonite-clay-detox-products-lead.html
chewing-gum-microplastics,Chewing Gum (Microplastics),Food,Conventional gum made with a synthetic polymer base,3,4,3,65,Low,1,"Natural chicle-based gum, or skip gum",The 'gum base' in most conventional chewing gum is synthetic rubber — essentially plastic. A 2025 laboratory study reported that chewing a single piece can release hundreds to thousands of microplastic particles into saliva. Natural chicle gum avoids the synthetic base.,0,0,,,https://detoxcellence.com/exposure/chewing-gum-microplastics.html
conventional-pears,Conventional Pears,Food,"Non-organic pears, eaten with the skin",3,3,2,71,Low,2,"Organic pears, or wash and peel conventional ones","Pears appear on the EWG Dirty Dozen because residues of several pesticides are commonly detected. Washing helps and peeling removes more, though it also removes fiber.",0,0,,,https://detoxcellence.com/exposure/conventional-pears.html
conventional-nectarines,Conventional Nectarines,Food,Non-organic nectarines with edible skin,3,3,2,71,Low,2,"Organic nectarines, or thorough washing","A recurring Dirty Dozen fruit: the thin, edible skin holds detectable multi-pesticide residues. Buying organic for the ones you eat most is a reasonable, budget-aware move.",0,0,,,https://detoxcellence.com/exposure/conventional-nectarines.html
canned-tomatoes-bpa-lined,Canned Tomatoes (BPA-Lined),Food,Acidic canned tomatoes in a can with epoxy lining,4,4,3,60,Low,3,"Tomatoes in glass jars or Tetra cartons, or fresh",Acidity increases how much bisphenol migrates from an epoxy can lining into the food. Glass or carton packaging sidesteps the lining entirely.,0,0,,,https://detoxcellence.com/exposure/canned-tomatoes-bpa-lined.html
swordfish-high-mercury,Swordfish (High Mercury),Food,"A large, long-lived predatory fish high on the food chain",8,3,7,35,High,3,"Lower-mercury fish like salmon, sardines or trout","Swordfish is on the FDA/EPA 'avoid' list for its high methylmercury content, which accumulates in the body. Pregnant people and young children are advised to skip it.",0,0,,,https://detoxcellence.com/exposure/swordfish-high-mercury.html
rice-based-drinks-arsenic,Rice-Based Drinks (Arsenic),Food,Rice milk used as a dairy alternative,6,3,4,52,Moderate,3,"Oat, soy or pea-protein milk",Rice concentrates inorganic arsenic from soil and water. UK and other agencies advise that young children in particular should not rely on rice drinks; other plant milks avoid the issue.,0,0,,,https://detoxcellence.com/exposure/rice-based-drinks-arsenic.html
imported-farmed-shrimp,Imported Farmed Shrimp,Food,Cheap imported farmed shrimp of uncertain provenance,4,3,3,64,Low,2,Certified (ASC/BAP) or wild-caught shrimp,Some imported farmed shrimp has been flagged for antibiotic and contaminant residues due to weak oversight. Certification schemes and known wild sources reduce that uncertainty.,0,0,,,https://detoxcellence.com/exposure/imported-farmed-shrimp.html
instant-noodle-cups-boiling-water-in-plastic,Instant Noodle Cups (Boiling Water in Plastic),Plastics,Pouring boiling water directly into a polystyrene or plastic-lined cup,5,4,4,53,Moderate,2,Cook the noodles in a pot and eat from a ceramic bowl,Boiling water in a plastic or foam cup increases microplastic and chemical migration into the broth. Transferring to a pot and bowl avoids heating the plastic.,0,0,,,https://detoxcellence.com/exposure/instant-noodle-cups-boiling-water-in-plastic.html
lipstick-lead-metals,Lipstick (Lead & Metals),Personal Care,Colour lipstick reapplied throughout the day,5,4,5,50,Moderate,2,Fewer reapplications and brands that publish metal-testing,"FDA surveys have detected trace lead and other metals in many lipsticks. Because lipstick is worn on the lips and partly ingested, frequency of reapplication is the main lever.",0,0,,,https://detoxcellence.com/exposure/lipstick-lead-metals.html
aerosol-hair-spray-vocs,Aerosol Hair Spray (VOCs),Personal Care,Propellant hair spray used in an unventilated bathroom,4,4,2,63,Low,3,"A non-aerosol pump spray, used with the door open","Aerosols create a fine, easily inhaled mist of solvents and propellants. A pump product and good ventilation cut how much you breathe in.",0,0,,,https://detoxcellence.com/exposure/aerosol-hair-spray-vocs.html
petroleum-based-lip-balm,Petroleum-Based Lip Balm,Personal Care,Mineral-oil / petrolatum lip balm applied and ingested daily,3,4,3,65,Low,2,Beeswax or plant-oil balms from refined sources,"Poorly refined mineral oils can carry aromatic hydrocarbon impurities, and lip products are partly swallowed. Well-made plant- or beeswax-based balms avoid the concern.",0,0,,,https://detoxcellence.com/exposure/petroleum-based-lip-balm.html
scented-menstrual-pads,Scented Menstrual Pads,Personal Care,Fragranced disposable pads worn against sensitive tissue,4,4,3,60,Low,2,Fragrance-free or organic-cotton pads and tampons,"Added fragrance can include undisclosed phthalates and irritants placed against thin, absorptive skin. Fragrance-free products remove an exposure that serves no functional purpose.",0,0,,,https://detoxcellence.com/exposure/scented-menstrual-pads.html
octinoxate-sunscreen,Octinoxate Sunscreen,Personal Care,A chemical UV filter absorbed through skin,5,4,3,56,Moderate,2,A mineral (zinc oxide) sunscreen,Octinoxate is a chemical filter with hormone-disruption questions and measurable skin absorption. Mineral zinc-oxide sunscreens sit on the skin and avoid the issue while still protecting you — sun protection still matters.,0,0,,,https://detoxcellence.com/exposure/octinoxate-sunscreen.html
coloured-tattoo-ink-metals-pahs,Coloured Tattoo Ink (Metals & PAHs),Personal Care,Pigmented tattoo inks deposited permanently in the skin,6,2,7,47,Moderate,2,"A reputable artist using REACH-compliant, disclosed inks","Some coloured inks contain heavy metals and polycyclic aromatic hydrocarbons, and the pigment stays in skin and lymph nodes for life. Choosing a professional using regulated inks reduces what goes in.",0,0,,,https://detoxcellence.com/exposure/coloured-tattoo-ink-metals-pahs.html
fresh-latex-paint-vocs,Fresh Latex Paint (VOCs),Home,Newly painted interior walls off-gassing solvents,4,3,2,66,Low,3,"Zero- or low-VOC paint, with windows open while it cures",Conventional paint releases volatile organic compounds for days to weeks after application. Zero-VOC formulas plus ventilation dramatically cut what you breathe.,0,0,,,https://detoxcellence.com/exposure/fresh-latex-paint-vocs.html
vinyl-mini-blinds-lead-dust,Vinyl Mini-Blinds (Lead Dust),Home,Imported PVC window blinds that degrade in sunlight,5,3,6,51,Moderate,2,"Aluminium, wood, or certified lead-free blinds","Older or imported PVC blinds can be stabilised with lead, which forms a fine dust on the surface as the plastic ages in sunlight. Non-PVC blinds avoid it entirely.",0,0,,,https://detoxcellence.com/exposure/vinyl-mini-blinds-lead-dust.html
air-conditioner-hvac-mould,Air-Conditioner & HVAC Mould,Home,"Mould growing on damp cooling coils and filters, then circulated",4,5,3,57,Moderate,3,"Regular filter changes, coil cleaning and fixing condensation",Damp air-handling equipment can grow mould whose spores are then blown through the home. Routine maintenance and controlling moisture keep it from spreading.,0,0,,,https://detoxcellence.com/exposure/air-conditioner-hvac-mould.html
in-tank-toilet-cleaner-tablets,In-Tank Toilet Cleaner Tablets,Home,Chlorine-releasing tablets sitting in the toilet cistern,3,2,2,74,Low,2,A brush plus vinegar or an as-needed bowl cleaner,In-tank tablets slowly release chlorine chemicals into standing water and the bathroom air. Manual cleaning as needed avoids a constant low-level release.,0,0,,,https://detoxcellence.com/exposure/in-tank-toilet-cleaner-tablets.html
aerosol-oven-cleaner-lye-fumes,Aerosol Oven Cleaner (Lye Fumes),Home,Caustic spray oven cleaner used in an enclosed kitchen,6,2,2,60,Low,2,"A baking-soda paste left overnight, then wiped",Spray oven cleaners atomise sodium hydroxide and solvents that are corrosive to airways. A baking-soda paste does the same job without the caustic mist.,0,0,,,https://detoxcellence.com/exposure/aerosol-oven-cleaner-lye-fumes.html
chemical-drain-cleaner,Chemical Drain Cleaner,Home,Lye- or acid-based liquid drain openers,7,2,2,56,Moderate,2,"A drain snake, plunger or enzyme-based opener",Strong chemical drain cleaners are highly corrosive and can release fumes or splash. Mechanical tools and enzyme products clear most clogs without the hazard.,0,0,,,https://detoxcellence.com/exposure/chemical-drain-cleaner.html
fabric-upholstery-stain-cleaner,Fabric & Upholstery Stain Cleaner,Home,Solvent-based spot cleaners for carpets and sofas,4,3,3,64,Low,2,Water-based cleaners or a DIY vinegar solution,Many spot cleaners rely on volatile solvents and sometimes fluorinated repellents that linger in soft furnishings. Water-based options cut the residual off-gassing.,0,0,,,https://detoxcellence.com/exposure/fabric-upholstery-stain-cleaner.html
cigarette-smoking-firsthand,Cigarette Smoking (Firsthand),Environment,Directly inhaling tobacco combustion products,10,8,6,11,Severe,3,Evidence-based cessation support and nicotine-replacement,"Firsthand tobacco smoke is one of the largest avoidable exposures there is, delivering thousands of toxicants including known carcinogens. Cessation services meaningfully improve the odds of quitting.",0,0,,,https://detoxcellence.com/exposure/cigarette-smoking-firsthand.html
charcoal-grill-briquettes-pah-smoke,Charcoal Grill Briquettes (PAH Smoke),Environment,"Fat dripping onto hot charcoal, coating food in smoke",5,3,3,59,Moderate,3,"Lump charcoal or gas, and avoid charring the food","Flare-ups and heavy smoke deposit polycyclic aromatic hydrocarbons on grilled food. Lower heat, trimming fat and avoiding charring reduce how much forms.",0,0,,,https://detoxcellence.com/exposure/charcoal-grill-briquettes-pah-smoke.html
gas-powered-leaf-blower-2-stroke,Gas-Powered Leaf Blower (2-Stroke),Environment,Standing behind a two-stroke engine that burns oil with fuel,5,3,3,59,Moderate,2,A battery-electric leaf blower,"Two-stroke engines burn a fuel-oil mix inefficiently, producing high levels of unburned hydrocarbons and fine particles right at head height. Battery models eliminate the exhaust.",0,0,,,https://detoxcellence.com/exposure/gas-powered-leaf-blower-2-stroke.html
fireworks-smoke-perchlorate-metals,Fireworks Smoke (Perchlorate & Metals),Environment,Standing downwind of consumer fireworks,5,2,4,60,Low,1,"Watch from a distance, upwind",Firework smoke carries perchlorate and metal particulates that briefly spike local air pollution. Watching from upwind and at a distance limits what you inhale.,0,0,,,https://detoxcellence.com/exposure/fireworks-smoke-perchlorate-metals.html
hookah-shisha-smoke,Hookah / Shisha Smoke,Environment,Water-pipe tobacco smoked over a long session,8,4,5,37,High,3,Avoiding it — the water does not make it safe,"A hookah session can deliver more smoke, carbon monoxide and polycyclic aromatic hydrocarbons than a single cigarette. The water pipe cools the smoke but does not filter out the toxicants.",0,0,,,https://detoxcellence.com/exposure/hookah-shisha-smoke.html
engineered-stone-countertop-dust,Engineered Stone Countertop Dust,Home,Dry-cutting or drilling quartz countertops during a fit-out,9,1,8,34,High,3,"Slabs cut off-site, or wet-cutting with on-tool dust extraction","Engineered 'quartz' stone is typically over 90% crystalline silica, against 40–50% for granite. Dry-cutting it releases respirable silica that permanently scars the lungs; hundreds of silicosis cases have been counted among fabricators. Householders are barely exposed unless a slab is dry-cut indoors.",2,1,doi:10.1001/jamainternmed.2023.3295; doi:10.1186/s12995-025-00455-8,,https://detoxcellence.com/exposure/engineered-stone-countertop-dust.html
methylene-chloride-paint-stripper,Methylene Chloride Paint Stripper,Home,Solvent paint and coating removers used in a closed room,9,2,2,47,Moderate,3,"A benzyl-alcohol or soy-based stripper, or sanding with dust extraction",Methylene chloride vapour displaces oxygen in the blood and has killed people refinishing bathtubs in unventilated spaces. US regulators banned it from consumer paint and coating removal in 2019 and tightened the remaining uses under a 2024 risk-management rule.,0,0,,,https://detoxcellence.com/exposure/methylene-chloride-paint-stripper.html
coal-tar-driveway-sealant-pahs,Coal-Tar Driveway Sealant (PAHs),Environment,"Black sealer coating a drive, path or parking lot",8,3,8,32,High,3,"An asphalt-based sealer, or leaving the surface unsealed",Coal-tar sealcoat is loaded with polycyclic aromatic hydrocarbons. Worn particles track indoors on shoes and tyres: US Geological Survey sampling found PAH in house dust about 25 times higher in homes beside coal-tar-sealed lots than beside plain asphalt or concrete.,0,0,,,https://detoxcellence.com/exposure/coal-tar-driveway-sealant-pahs.html
ozone-generating-air-purifiers,Ozone-Generating Air Purifiers,Air,'Ionic' or ozone air cleaners run in an occupied room,6,4,1,56,Moderate,3,"A true-HEPA purifier with activated carbon, and open windows","Ozone is a lung irritant, and the EPA's review concluded these devices do not control indoor pollutants effectively at concentrations that stay below public-health limits. Some ionisers also make ozone as a by-product, then sell the resulting smell as 'fresh air' when it is the irritant itself.",1,1,doi:10.1080/10473289.2006.10464467,,https://detoxcellence.com/exposure/ozone-generating-air-purifiers.html
vermiculite-attic-insulation-asbestos,Vermiculite Attic Insulation (Asbestos),Home,Loose grey-brown pebble insulation in a pre-1990 attic,10,2,9,24,High,3,Leaving it sealed and undisturbed; an accredited asbestos contractor if it must move,"A single Montana mine supplied over 70% of US vermiculite between 1919 and 1990 and its ore was contaminated with asbestos, so vermiculite loft insulation from that era — often sold as Zonolite — should be assumed to contain it. Undisturbed it releases little; disturbing it during DIY is the risk.",5,3,doi:10.1289/ehp.9481; doi:10.1179/107735210799160219; pmid:23091967; doi:10.1002/ajim.22674; doi:10.1186/s12989-016-0130-z,https://www.epa.gov/asbestos/protect-your-family-asbestos-contaminated-vermiculite-insulation; https://www.epa.gov/asbestos/my-attic-has-vermiculite-insulation-it-am-i-risk-should-i-take-it-out; https://www.energy.gov/sites/prod/files/2013/11/f5/insulation_guide.pdf,https://detoxcellence.com/exposure/vermiculite-attic-insulation-asbestos.html
titanium-dioxide-e171-in-food,Titanium Dioxide (E171) in Food,Food,"A white colourant in sweets, icing, sauces and supplements",5,5,5,47,Moderate,2,Products with no 'titanium dioxide' or 'E171' on the ingredient list,"In 2021 the European food-safety regulator concluded E171 can no longer be considered safe as a food additive, because genotoxicity could not be ruled out and the particles accumulate slowly in the body. The EU withdrew it from food; it is still permitted in the US, so labels are worth reading.",2,2,doi:10.2903/j.efsa.2021.6585; doi:10.2903/j.efsa.2021.6585,,https://detoxcellence.com/exposure/titanium-dioxide-e171-in-food.html
red-dye-no-3-erythrosine,Red Dye No. 3 (Erythrosine),Food,A bright cherry-red synthetic colour in sweets and drinks,3,3,2,71,Low,1,"Colour from beetroot, paprika extract or carmine","The US regulator revoked its authorisation in January 2025 — as a point of law, not of demonstrated human harm. The Delaney Clause forbids any additive that causes cancer in animals, and the agency stated plainly that the rat mechanism involved does not occur in people. A low priority next to real exposures.",0,0,,,https://detoxcellence.com/exposure/red-dye-no-3-erythrosine.html
brominated-vegetable-oil-citrus-sodas,Brominated Vegetable Oil (Citrus Sodas),Food,A flavour stabiliser in some citrus-flavoured soft drinks,5,2,5,57,Moderate,2,"Sparkling water with fresh citrus, or any soda not listing BVO","BVO kept citrus flavouring from separating out, at up to 15 parts per million. In July 2024 the US regulator revoked the authorisation after studies run with the NIH found the potential for adverse effects in humans; bromine accumulates in fat. Most drinks makers had already reformulated.",0,0,,,https://detoxcellence.com/exposure/brominated-vegetable-oil-citrus-sodas.html
parabens-in-cosmetics,Parabens in Cosmetics,Personal Care,"Preservatives in lotions, shampoos and make-up",4,6,2,56,Moderate,2,Products preserved with phenoxyethanol or sodium benzoate,"The longer-chain parabens are the ones regulators acted on: the EU caps propyl- and butylparaben at 0.14% and bars them from leave-on nappy-area products for under-threes, on weak oestrogenic-activity grounds. Methyl- and ethylparaben are better tolerated and still permitted at higher levels.",0,0,,,https://detoxcellence.com/exposure/parabens-in-cosmetics.html
homosalate-sunscreen,Homosalate Sunscreen,Personal Care,A chemical UV filter in daily face and body sunscreen,4,5,3,57,Moderate,2,"A mineral zinc-oxide sunscreen, or a filter such as Tinosorb","After an EU scientific committee flagged possible endocrine activity, the permitted level was cut from 10% to 7.34% and restricted to face products. It is still allowed at 10% elsewhere, including the US. Do not stop using sunscreen over this — change the filter instead.",0,0,,,https://detoxcellence.com/exposure/homosalate-sunscreen.html
locally-caught-freshwater-fish,Locally Caught Freshwater Fish,Food,Fish taken from local rivers and lakes rather than bought,6,4,8,38,High,3,"Check your state, Tribal or territory fish advisory before eating the catch","In July 2024 the EPA added twelve PFAS to the contaminants it recommends states and Tribes monitor in locally caught freshwater fish, and says its national fish-tissue survey has found PFAS at levels that may affect health. Advisories are issued water by water, so which lake or river the fish came from matters more than the species.",4,3,doi:10.1016/j.envres.2022.115165; doi:10.1016/j.scitotenv.2014.07.126; doi:10.2903/j.efsa.2020.6223; doi:10.1136/oemed-2017-104651,https://www.epa.gov/newsreleases/epa-releases-new-science-based-recommendations-help-more-states-tribes-and-territories; https://www.epa.gov/pfas/meaningful-and-achievable-steps-you-can-take-reduce-your-risk,https://detoxcellence.com/exposure/locally-caught-freshwater-fish.html
sewage-sludge-fertiliser-on-garden-soil,Sewage-Sludge Fertiliser on Garden Soil,Environment,Biosolids spread or sold as a soil conditioner or fertiliser,6,3,8,41,Moderate,2,"A soil amendment whose feedstock is stated on the bag, or compost you make yourself","The EPA released a draft risk assessment on 14 January 2025 covering PFOA and PFOS in sewage sludge that is land-applied as a soil conditioner or fertiliser. It is a draft that went out for public comment, not a rule, so the useful response is knowing what an amendment is made from rather than treating any number as settled.",0,0,,https://www.epa.gov/biosolids/draft-sewage-sludge-risk-assessment-perfluorooctanoic-acid-pfoa-and-perfluorooctane,https://detoxcellence.com/exposure/sewage-sludge-fertiliser-on-garden-soil.html
fluorinated-plastic-containers,Fluorinated Plastic Containers,Home,Fluorine-treated HDPE bottles holding household and garden liquids,5,3,8,46,Moderate,2,The same product in an untreated container; ask the maker whether the bottle is fluorinated,"Treating a plastic bottle with fluorine to stop it leaking or swelling can form PFAS on the inner wall. EPA testing detected eight PFAS in rinsate from fluorinated HDPE containers at 20 to 50 parts per billion, and its September 2022 study found they leach into the liquid stored inside and keep leaching the longer it sits. The EPA says such containers are used for household consumer, pesticide, fuel and automotive products.",2,2,doi:10.1021/acs.estlett.3c00083; doi:10.1038/s41370-018-0094-1,https://www.epa.gov/pesticides/pfas-packaging,https://detoxcellence.com/exposure/fluorinated-plastic-containers.html
dairy-from-pfas-affected-farmland,Dairy from PFAS-Affected Farmland,Food,Milk and dairy from livestock grazing land carrying PFAS,5,4,8,43,Moderate,2,"Where a local advisory names affected farms, dairy sourced outside that area","The EPA lists dairy products from livestock exposed to PFAS among the routes by which PFAS reach food, alongside fish from contaminated water, and notes that biosolids used on agricultural land can affect animals that graze it. The pathway runs through the land, so it surfaces near known contamination rather than everywhere.",3,3,doi:10.1021/acs.jafc.5c07211; doi:10.2903/j.efsa.2020.6223; doi:10.1136/oemed-2017-104651,https://www.epa.gov/pfas/our-current-understanding-human-health-and-environmental-risks-pfas,https://detoxcellence.com/exposure/dairy-from-pfas-affected-farmland.html
